<?xml version="1.0" encoding="UTF-8"?>
<databaseChangeLog
        xmlns="http://www.liquibase.org/xml/ns/dbchangelog"
        xmlns:xsi="http://www.w3.org/2001/XMLSchema-instance"
        xsi:schemaLocation="http://www.liquibase.org/xml/ns/dbchangelog
        http://www.liquibase.org/xml/ns/dbchangelog/dbchangelog-4.6.xsd">

    <changeSet id="create_customer_table" author="cool_developer">
        <createTable tableName="customer">
            <column name="id" type="BIGINT" autoIncrement="true">
                <constraints primaryKey="true" nullable="false"/>
            </column>
            <column name="name" type="VARCHAR(255)"/>
            <column name="address_city" type="VARCHAR(255)"/>
            <column name="address_street" type="VARCHAR(255)"/>
            <column name="address_zipcode" type="VARCHAR(20)"/>
        </createTable>
    </changeSet>

</databaseChangeLog>