<?xml version="1.0" encoding="UTF-8"?>
<databaseChangeLog
        xmlns="http://www.liquibase.org/xml/ns/dbchangelog"
        xmlns:xsi="http://www.w3.org/2001/XMLSchema-instance"
        xsi:schemaLocation="http://www.liquibase.org/xml/ns/dbchangelog
        http://www.liquibase.org/xml/ns/dbchangelog/dbchangelog-4.6.xsd">

    <changeSet id="create_order_detail_table" author="cool_developer">
        <createTable tableName="order_detail">
            <column name="id" type="BIGINT" autoIncrement="true">
                <constraints primaryKey="true" nullable="false"/>
            </column>
            <column name="quantity" type="INTEGER"/>
            <column name="tax_status" type="VARCHAR(50)"/>
            <column name="order_id" type="BIGINT">
                <constraints nullable="false" foreignKeyName="fk_order_detail_order"
                             referencedTableName="order" referencedColumnNames="id"/>
            </column>
            <column name="item_id" type="BIGINT">
                <constraints nullable="false" foreignKeyName="fk_order_detail_item"
                             referencedTableName="item" referencedColumnNames="id"/>
            </column>
        </createTable>
    </changeSet>

</databaseChangeLog>