<?xml version="1.0" encoding="UTF-8"?>
<databaseChangeLog
        xmlns="http://www.liquibase.org/xml/ns/dbchangelog"
        xmlns:xsi="http://www.w3.org/2001/XMLSchema-instance"
        xsi:schemaLocation="http://www.liquibase.org/xml/ns/dbchangelog
        http://www.liquibase.org/xml/ns/dbchangelog/dbchangelog-4.6.xsd">

    <changeSet id="create_order_table" author="cool_developer">
        <createTable tableName="order">
            <column name="id" type="BIGINT" autoIncrement="true">
                <constraints primaryKey="true" nullable="false"/>
            </column>
            <column name="date" type="TIMESTAMP"/>
            <column name="status" type="VARCHAR(50)"/>
            <column name="customer_id" type="BIGINT">
                <constraints nullable="false" foreignKeyName="fk_order_customer"
                             referencedTableName="customer" referencedColumnNames="id"/>
            </column>
            <column name="payment_id" type="BIGINT">
                <constraints nullable="true" foreignKeyName="fk_order_payment"
                             referencedTableName="payment" referencedColumnNames="id"/>
            </column>
        </createTable>
    </changeSet>

</databaseChangeLog>