<?xml version="1.0" encoding="UTF-8"?>
<databaseChangeLog
        xmlns="http://www.liquibase.org/xml/ns/dbchangelog"
        xmlns:xsi="http://www.w3.org/2001/XMLSchema-instance"
        xsi:schemaLocation="http://www.liquibase.org/xml/ns/dbchangelog
        http://www.liquibase.org/xml/ns/dbchangelog/dbchangelog-4.6.xsd">

    <changeSet id="create_cash_table" author="cool_developer">
        <createTable tableName="cash_payment">
            <column name="payment_id" type="BIGINT">
                <constraints nullable="false" foreignKeyName="fk_cash_payment"
                             references="payment(id)" primaryKey="true"/>
            </column>
            <column name="cash_tendered" type="FLOAT">
                <constraints nullable="false"/>
            </column>
        </createTable>
    </changeSet>

</databaseChangeLog>