<?xml version="1.0" encoding="UTF-8"?>
<databaseChangeLog
        xmlns="http://www.liquibase.org/xml/ns/dbchangelog"
        xmlns:xsi="http://www.w3.org/2001/XMLSchema-instance"
        xsi:schemaLocation="http://www.liquibase.org/xml/ns/dbchangelog
        http://www.liquibase.org/xml/ns/dbchangelog/dbchangelog-4.6.xsd">

    <changeSet id="create_credit_payment_table" author="cool_developer">
        <createTable tableName="credit_payment">
            <column name="payment_id" type="BIGINT">
                <constraints nullable="false" foreignKeyName="fk_credit_payment"
                             references="payment(id)" primaryKey="true"/>
            </column>
            <column name="number" type="VARCHAR(20)">
                <constraints nullable="false"/>
            </column>
            <column name="type" type="VARCHAR(20)">
                <constraints nullable="false"/>
            </column>
            <column name="exp_date" type="TIMESTAMP">
                <constraints nullable="false"/>
            </column>
        </createTable>
    </changeSet>

</databaseChangeLog>