<databaseChangeLog
        xmlns="http://www.liquibase.org/xml/ns/dbchangelog"
        xmlns:xsi="http://www.w3.org/2001/XMLSchema-instance"
        xsi:schemaLocation="http://www.liquibase.org/xml/ns/dbchangelog
        http://www.liquibase.org/xml/ns/dbchangelog/dbchangelog-3.8.xsd">

    <changeSet id="1" author="dev">
        <createTable tableName="persons">
            <column name="id" type="bigint" autoIncrement="true">
                <constraints primaryKey="true"/>
            </column>
            <column name="name" type="varchar(255)"/>
            <column name="age" type="int"/>
        </createTable>

        <createTable tableName="cars">
            <column name="id" type="bigint" autoIncrement="true">
                <constraints primaryKey="true"/>
            </column>
            <column name="manufacture" type="varchar(255)"/>
            <column name="km_run" type="int"/>
            <column name="person_id" type="bigint">
                <constraints foreignKeyName="fk_car_person" references="person(id)"/>
            </column>
        </createTable>
    </changeSet>
</databaseChangeLog>